feature,IV
sub_grade,0.4958281886271127
grade,0.46195165294771756
term,0.1738891293664392
fico_range_low,0.1227284248810124
fico_range_high,0.1227284248810124
dti,0.0706899979131354
acc_open_past_24mths,0.06598903189652265
verification_status,0.05607980805923568
tot_cur_bal,0.043590970193867346
mort_acc,0.04018858408476249
loan_amnt,0.035325364248646705
total_rev_hi_lim,0.032546397630243244
home_ownership,0.03163194160208035
installment,0.031186690946259837
annual_inc,0.02880340872957852
revol_util,0.024328765563303104
purpose,0.01899122130327689
inq_last_6mths,0.017270033387073735
emp_length,0.011669688795746364
open_acc,0.004816573033144337
revol_bal,0.004027266668486441
total_acc,0.00189135456504466
delinq_2yrs,0.001742176908483052
application_type,0.0013686579828687288
pub_rec,0.0009815845508990826
pub_rec_bankruptcies,0.00043033891931015616
initial_list_status,0.0002786433061619985
